日,"び,じつ,ひ,か,にち"
一,"ひと,いち,いつ"
国,"くに,こく"
人,"り,じん,と,ひと,にん"
年,"とし,ねん"
大,"おお,おおきい,だい,たい"
十,"じゅッ,と,じゅう,とお,じッ"
二,"じ,ふたつ,ふた,ふたた,に,ふたり"
本,"もと,ほん"
中,"なか,うち,あた,ちゅう"
長,"なが,ながい,おさ,ちょう"
出,"い,だす,しゅつ,で,すい,だ,でる"
三,"ぞう,み,みっか,みっつ,さん,みっ"
時,"とき,どき,じ"
行,"い,おこ,おこな,おこなう,ゆ,いく,ぎょう,ゆき,いき,ゆく,あん,こう"
見,"み,みせる,けん,みえる,みる"
月,"つき,げつ,がつ"
後,"のち,あと,ご,おく,おくれ,うしろ,こう,うし"
前,"まえ,ぜん"
生,"い,な,うま,いきる,お,うまれる,なま,き,せい,はやす,はえる,しょう,う,む,は,うむ,うまれ"
五,"いつ,いつつ,ご"
間,"あい,かん,ま,けん,あいだ"
上,"うわ,のぼる,のぼ,あ,しょう,しゃん,よ,じょう,あげる,うえ,かみ,あがる"
東,"ひがし,とう"
四,"よ,よん,よっ,し"
今,"いま,こん,きん"
金,"ごん,かね,こん,かな,きん,がね"
九,"ここの,ここのつ,きゅう,く"
入,"はいる,い,にゅう,いる,いれる,じゅ,いり,はい,いれ"
学,"まな,まなぶ,がく"
高,"たかさ,たかまる,たか,だか,たかい,たかめる,たかぶる,こう"
円,"まど,まろ,まるい,まる,えん"
子,"こ,つ,し,ね,す"
外,"はずす,と,そと,げ,はずれる,ほか,がい,はず"
八,"やっ,やっつ,はち,よう,や"
六,"りく,ろく,むっ,む,むっつ,むい"
下,"くだ,もと,さげる,お,した,ください,さがる,くだる,おりる,さ,おろす,げ,しも,か"
来,"らい,こ,くる,き,きた,きたる,たい,く"
気,"いき,き,け"
小,"こ,ちい,お,ちいさい,しょう,さ"
七,"なな,なの,ななつ,しち"
山,"やま,さん,せん"
話,"はな,はなす,はなし,わ"
女,"め,おんな,にょ,にょう,じょ"
北,"きた,ほく"
午,"うま,ご"
百,"もも,ひゃく,びゃく"
書,"しょ,かく,が,か,がき"
先,"さき,ま,せん"
名,"な,めい,みょう"
川,"かわ,せん"
千,"ち,せん"
水,"みず,すい"
半,"なか,なかば,はん"
男,"おとこ,お,だん,なん"
西,"にし,せい,さい,す"
電,でん
校,"こう,きょう"
語,"かた,かたる,ご"
土,"つち,ど,と"
木,"き,こ,ぼく,もく"
聞,"きこえる,きく,き,ぶん,もん"
食,"しょく,た,じき,は,たべる,くう,く"
車,"くるま,しゃ"
何,"なに,なん,か"
南,"みなみ,なん,な"
万,"よろず,まん,ばん"
毎,"ごと,まい"
白,"びゃく,しら,しろい,しろ,はく"
天,"あめ,あま,あまつ,てん"
母,"はは,も,ぼ"
火,"ひ,び,ほ,か"
右,"みぎ,う,ゆう"
読,"とう,どく,よむ,とく,よ"
友,"とも,ゆう"
左,"ひだり,さ,しゃ"
休,"やす,やすめる,やすみ,きゅう,やすむ"
父,"ちち,ふ"
雨,"あめ,あま,さめ,う"
会,"あつ,かい,あ,あう,え"
同,"おな,おなじ,おなじく,どう"
事,"こと,つか,じ,ず"
自,"じ,みずから,し,おの,みずか,おのずから"
社,"やしろ,しゃ"
発,"た,はな,おこ,あば,はつ,たつ,つか,ほつ"
者,"もの,しゃ"
地,"ち,じ"
業,"わざ,ぎょう,ごう"
方,"かた,がた,ほう"
新,"あたら,あら,あらた,にい,あたらしい,しん"
場,"ば,じょう,ちょう"
員,いん
立,"た,たつ,りゅう,たてる,りっとる,たて,りつ,たち,だ"
開,"あける,あく,ひら,ひらく,かい,あ,びら"
手,"て,た,しゅ,ず"
力,"ちから,りょく,りき,りい"
問,"とん,と,とう,もん,とい"
代,"かわり,かえる,かわる,がわ,しろ,だい,たい,かわ,が,よ,か"
明,"みん,あかるい,あける,みょう,あき,あからむ,めい,あ,あきらか,あか"
動,"どう,うごく,うごき,うご,うごかす"
京,"みやこ,きょう,けい,きん"
目,"め,ま,もく,ぼく"
通,"とおる,つ,とおす,かよ,とお,どお,とおし,つう,とおり,かよう"
言,"ごん,い,いう,げん,こと"
理,"ことわり,り"
体,"からだ,かたち,たい,てい"
田,"た,でん"
主,"ぬし,おもに,す,あるじ,しゅ,おも,しゅう"
題,だい
意,い
不,"ふ,ぶ"
作,"つくり,づく,さく,さ,つくる,つく"
用,"もち,もちいる,よう"
度,"た,と,たく,ど,たび"
強,"ごう,こわ,し,つよめる,つよまる,つよい,しいる,きょう,つよ"
公,"おおやけ,こう,く"
持,"も,もつ,もち,じ"
野,"の,や,しょ"
以,"も,もって,もっ,い"
思,"し,おぼ,おもう,おもえら,おもい,おも"
家,"うち,け,いえ,か,や"
世,"そう,せ,せい,さんじゅう,よ"
多,"た,おお,おおい,おおく,まさ"
正,"ただしい,せい,ただ,しょう,ただす,まさに,まさ"
安,"やす,やすい,やすまる,あん,やすらか"
院,いん
心,"こころ,ごころ,しん"
界,かい
教,"おしえる,おそわる,おそ,おし,きょう"
文,"ふみ,あや,ぶん,もん"
元,"もと,げん,がん"
重,"ちょう,おもたい,じゅう,かさなる,おもし,かさねる,おもり,おもい,え,おも,かさ,おもさ"
近,"こん,ちかく,ちか,ちかい,きん"
考,"かんが,かんがえる,かんがえ,こう"
画,"はかりごと,かぎ,えが,かい,かく,が,え,はか"
海,"うみ,かい"
売,"う,うる,ばい"
知,"し,ち,しる,しらす,しらせる"
道,"みち,どう,とう"
集,"あつまり,つどい,あつ,つどう,あつまる,つど,あつめる,しゅう"
別,"べつ,わか,わかれ,わかれる,わ"
物,"もの,ぶつ,もつ"
使,"つかい,し,づか,つか,つかう"
品,"しな,ひん,ほん"
計,"はかり,はからう,はかる,けい,はか"
死,"し,しぬ,しに"
特,とく
私,"わたし,わたくし,し"
始,"はじ,はじまる,はじめる,し"
朝,"あさ,ちょう"
運,"はこ,はこぶ,うん"
終,"おえる,お,おわらせる,おわり,おわ,おわる,つい,しゅう"
台,"われ,つかさ,だい,たい,うてな"
広,"ひろまる,ひろ,ひろめる,ひろがる,ひろい,ひろげる,こう,ひろさ"
住,"じゅう,ちゅう,ず,ぢゅう,すまい,すむ,す"
真,"ま,まこと,しん"
有,"あ,ある,ゆう,う"
口,"くち,こう,く"
少,"すく,すこ,しょう,すくない,すこし"
町,"まち,ちょう"
料,りょう
工,"こう,く,ぐ"
建,"た,こん,けん,たつ,たてる,たて,だ"
空,"あける,あく,あき,むな,むなしさ,そら,あ,す,むなしい,くう,から"
急,"いそ,いそぐ,いそぎ,きゅう"
止,"とめる,と,し,やむ,ど,とど,さ,やめる,よ,とまる,や"
送,"おく,おくる,そう"
切,"ぎ,きれる,きり,き,さい,せつ,きる"
転,"うつ,くる,うたた,てん,ころぶ,まろ,ころ,ころがす,ころげる,ころがる"
研,"と,とぐ,けん"
足,"そく,た,たる,たす,たりる,あし"
究,"きわ,きわめる,きゅう,く"
楽,"ごう,らく,がく,たのしい,たの,たのしむ,この,たのしみ"
起,"た,おこ,お,き,おこす,おきる"
着,"ぎ,つ,き,ちゃく,じゃく,きせる,つく,きる"
店,"みせ,たな,てん"
病,"やみ,びょう,やむ,やまい,や,へい"
質,"もと,ち,わりふ,しつ,ただ,たち,しち"
待,"まつ,またせる,ま,たい"
試,"こころみ,し,ためす,こころみる,ためし,ため,こころ"
族,ぞく
銀,"しろがね,ぎん"
早,"そう,はやい,はやく,はや,さ,はやまる,さッ,はやめる"
映,"うつ,うつす,えい,ば,はえる,は,うつる"
親,"おや,した,したしい,しん"
験,"げん,けん,しるし,ためし,ため,あかし"
英,"はなぶさ,えい"
医,"い,くすし"
仕,"つか,つかえる,し,じ"
去,"さ,さる,きょ,こ"
味,"あじ,あじわう,あじわい,み"
写,"うつ,うつす,しゃ,うつる,じゃ"
字,"あざ,あざな,な,じ"
答,"こた,こたえ,こたえる,とう"
夜,"よ,よる,や"
音,"のん,ね,いん,おと,おん"
注,"つ,ちゅう,さ,そそ,そそぐ"
帰,"かえ,き,かえる,おく,とつ"
古,"ふる,ふるい,こ"
歌,"うた,うたう,か"
買,"か,かう,ばい"
悪,"にく,わるい,あしき,お,あく,ああ,わる,あ,いずくに,いずくんぞ,わるさ,あし"
図,"と,ず,はかる,え,はか"
週,しゅう
室,"むろ,しつ"
歩,"ほ,あるく,あゆみ,あゆむ,あゆ,ふ,ある,ぶ"
風,"かぜ,かざ,ふう,ふ"
紙,"かみ,し"
黒,"くろい,くろ,こく"
花,"はな,か,け"
春,"はる,しゅん"
赤,"せき,あからむ,あからめる,あかい,しゃく,あか"
青,"あお,あおい,せい,しょう"
館,"たて,やかた,かん"
屋,"や,おく"
色,"いろ,しょく,しき"
走,"はし,はしる,はしり,そう"
秋,"あき,とき,しゅう"
夏,"なつ,か,げ,が"
習,"ならう,なら,じゅ,ならい,しゅう"
駅,えき
洋,よう
旅,"たび,りょ"
服,ふく
夕,"ゆう,せき"
借,"か,かりる,しゃく"
曜,よう
飲,"の,のむ,いん,おん"
肉,"しし,にく"
貸,"か,かす,かし,たい"
堂,どう
鳥,"とり,ちょう"
飯,"めし,はん"
勉,"つと,べん"
冬,"ふゆ,とう"
昼,"ひる,ちゅう"
茶,"ちゃ,さ"
弟,"おとうと,てい,だい,で"
牛,"うし,ぎゅう"
魚,"うお,さかな,ざかな,ぎょ"
兄,"あに,けい,きょう"
犬,"いぬ,けん"
妹,"いもうと,まい"
姉,"あね,はは,し"
漢,かん
政,"まつりごと,まん,せい,しょう"
議,ぎ
民,"たみ,みん"
連,"つれる,つ,れん,つれ,づ,つら,つらなる,つらねる"
対,"むか,なら,こた,つれあ,そろ,たい,つい,あいて"
部,"べ,ぶ"
合,"かッ,ごう,あい,あ,が,あう,あわせる,がッ,あわす,か"
市,"いち,し"
内,"うち,ない,だい"
相,"あい,そう,しょう"
定,"さだ,さだか,さだめる,てい,じょう,さだまる"
回,"まわす,まわる,まわ,かい,え,もとお,か"
選,"えら,えらぶ,せん"
米,"こめ,まい,よね,べい,めえとる"
実,"み,まこと,みち,みの,しつ,みのる,じつ,みのり,まことに"
関,"かかわる,せき,かか,かん,からくり,かんぬき,ぜき"
決,"ぎ,きまる,き,きめる,さ,けつ"
全,"まった,まったく,ぜん,すべ,すべて"
表,"あら,あらわす,あらわれる,おもて,ひょう,あらわ"
戦,"たたかわす,たたか,いくさ,わなな,おのの,たたかう,せん,そよ"
経,"た,のり,たていと,へ,たつ,へる,けい,はか,きょう"
最,"もっと,つま,さい,しゅ,もっとも"
現,"うつ,うつつ,あらわす,あらわれる,げん,あらわ"
調,"ちょう,ととの,しら,ととのえる,ととのう,しらべる"
化,"ばける,ば,け,ばかす,ふ,か"
当,"あてる,とう,あたり,あ,あたる,まさ"
約,"つづ,つづま,やく"
首,"くび,しゅ"
法,"のり,はッ,ほう,はつ,ほッ,ほつ,ふらん"
性,"さが,せい,しょう"
要,"い,かなめ,いる,よう"
制,せい
治,"じ,なおる,ち,おさまる,おさ,おさめる,なお,なおす"
務,"つと,つとめる,つとまる,む"
成,"な,なる,せい,じょう,なす"
期,"き,ご"
取,"と,ど,とり,しゅ,とる"
都,"みやこ,と,つ"
和,"なご,なごむ,お,やわ,やわらぐ,なごやか,やわらげる,わ,か"
機,"はた,き"
平,"びょう,ひらたい,ひら,たいら,たい,ひょう,だいら,へい"
加,"くわ,くわえる,くわわる,か"
受,"う,うける,うかる,じゅ"
続,"しょく,つぐ,つづく,つづける,つづ,ぞく,つづき,こう,きょう"
進,"すす,すすむ,すすめる,しん"
数,"そく,せ,かず,すう,わずらわ,かぞえる,しばしば,かぞ,さく,す,しゅ"
記,"しる,しるす,き"
初,"うい,はじめて,しょ,ぞ,そめる,はじ,はつ,そ,はじめ"
指,"ゆび,さ,さす,し"
権,"ごん,けん,おもり,かり,はか"
支,"し,ささ,つか,ささえる,か"
産,"うまれる,う,さん,む,うぶ,うむ"
点,"た,つ,ぼち,てん,とぼ,さ,とも"
報,"むくい,むくいる,ほう,むく,むくう"
済,"な,すみ,さい,すく,せい,ず,わた,すます,わたし,すむ,す,ずみ,すませる"
活,"い,かつ"
原,"はら,げん"
共,"とも,ども,きょう"
得,"える,う,うる,とく,え"
解,"と,かい,わか,ほど,とく,さと,げ,とける,とかす"
交,"まざる,まじえる,こもごも,ま,かわす,まぜる,まじわる,かわ,まじ,まじる,か,かう,こう"
資,し
予,"あらかじ,よ,しゃ"
向,"むける,むか,むこう,むく,むき,むかう,む,むこ,こう"
際,"きわ,ぎわ,さい"
勝,"かつ,しょう,かち,すぐ,が,まさる,か,まさ"
面,"おもて,めん,べん,つら,おも"
告,"つ,つぐ,つげる,こく"
反,"そらす,はん,かえ,ほ,ほん,そ,たん,そる"
判,"わか,はん,ばん"
認,"みと,みとめる,したた,にん"
参,"みつ,まいる,まい,まじわる,さん,しん"
利,"き,きく,きき,り"
組,"ぐみ,くみ,くむ,そ,く"
信,しん
在,"あ,ある,ざい"
件,"くだん,けん"
側,"かわ,がわ,そば,そく"
任,"まか,まかせる,まかす,にん"
引,"ひ,ひく,び,いん"
求,"もと,もとめる,きゅう,ぐ"
所,"ところ,どころ,とこ,しょ"
次,"じ,つぐ,つ,し,つぎ"
昨,さく
論,ろん
官,かん
増,"ぞう,ふやす,ま,ます,ふ,ふえる,まし"
係,"かかわる,かかる,かかわり,かか,かかり,がかり,けい"
感,かん
情,"なさ,なさけ,じょう,せい"
投,"な,なげる,とう"
示,"しめ,しめす,し,じ"
変,"かわり,かえる,へん,かわる,か"
打,"うつ,うち,う,だあす,ぶ,だ"
直,"なおる,ちょく,じき,ただ,ただす,じか,す,なお,なおす"
両,"てる,ふたつ,りょう"
式,しき
確,"たしかめる,かく,たし,たしか,こう"
果,"はたす,はて,はてる,はた,は,か"
容,"い,よう"
必,"かなら,かならず,ひつ"
演,えん
歳,"とし,よわい,さい,せい,とせ"
争,"あらそう,そう,いか,あらそい,あらそ"
談,だん
能,"よ,のう"
位,"くらい,ぐらい,い"
置,"お,おく,ち"
流,"ながす,ながれ,ながれる,りゅう,なが,る"
格,"かく,こう,きゃく,ごう"
疑,"うたが,うたがう,うたがい,ぎ"
過,"あやまち,あやまつ,あやま,すぎる,す,すごす,よ,か"
局,"つぼね,きょく"
放,"こ,はなつ,はな,ほう,っぱな,はなす,はなれる"
常,"つね,とこ,じょう"
状,じょう
球,"たま,きゅう"
職,"しょく,そく"
与,"あずか,くみ,ともに,あたえる,よ,あた"
供,"そな,そなえる,そなえ,ども,ぐ,とも,くう,く,きょう"
役,"やく,えき"
構,"かま,かまえる,かまう,こう"
割,"われる,かつ,わる,さく,さ,わり,わ"
費,"つい,ついやす,ひ"
付,"づけ,つ,つき,つける,づき,づ,づく,づける,ふ,つく"
由,"ゆ,よし,ゆう,よ,ゆい"
説,"と,とく,せつ,ぜい"
難,"むずかしい,にく,むづか,かたい,むつか,なん,がた,むずか,かた,かたさ"
優,"やさし,ゆう,う,すぐ,やさ,やさしさ,すぐれる,まさ"
夫,"おっと,それ,ふ,ふう,ぶ"
収,"おさ,おさめる,おさまる,しゅう"
断,"た,ことわり,だん,ことわる,さだ,ことわ,たつ"
石,"いし,せき,しゃく,こく"
違,"い,たが,ちがう,ちが,ちがえる"
消,"けす,きえる,き,け,しょう"
神,"じん,かん,かみ,しん,こう"
番,"つが,ばん"
規,き
術,"すべ,じゅつ"
備,"そな,び,つぶさ,そなわる,そなえる"
宅,たく
害,がい
配,"くば,くばる,はい"
警,"いまし,けい"
育,"そだ,いく,そだつ,はぐく,そだてる"
席,"むしろ,せき"
訪,"たず,おとず,と,おとずれる,ほう,たずねる"
乗,"のり,の,のせる,しょう,じょう,のる"
残,"のこり,のこす,ざん,のこる,のこ,さん,そこな"
想,"おも,そう,そ"
声,"こえ,こわ,せい,しょう"
念,ねん
助,"たすける,たす,たすかる,じょ,す,すけ"
労,"ろう,いた,ねぎら,いたわ,つか"
例,"たと,たとえる,れい"
然,"しか,さ,ぜん,ねん"
限,"かぎる,かぎり,かぎ,げん"
追,"おう,お,つい"
商,"あきな,あきなう,あきない,しょう"
葉,"は,よう"
伝,"つたえる,てん,づた,つて,つたい,つたう,つた,つだ,でん,つたわる"
働,"どう,ろく,はたらく,はたら,りき,りょく,はたらき,りゅく"
形,"ぎょう,がた,かた,かたち,なり,けい"
景,けい
落,"お,おちる,おとす,らく"
好,"い,いい,よい,すく,すき,このむ,す,よ,このみ,この,こう"
退,"の,しりぞける,しりぞく,ど,たい,ひ,しりぞ"
頭,"かぶり,と,あたま,とう,かしら,ず,がしら"
負,"まかす,お,ま,おう,まける,ふ,まけ"
渡,"わた,わたる,わたす,と"
失,"うしな,うしなう,う,しつ"
差,"さ,さす,さし"
末,"すえ,まつ,ばつ"
守,"まもる,もり,す,しゅ,まもり,まも,かみ"
若,"もし,わかい,にゃ,も,わか,じゃく,ごと,にゃく"
種,"たね,ぐさ,しゅ"
美,"うつく,うつくしい,び,み"
命,"いのち,めい,みょう"
福,ふく
望,"もち,のぞみ,のぞむ,ぼう,のぞ,もう"
非,"あら,ひ"
観,"み,しめ,かん"
察,さつ
段,"だん,たん"
横,"よこ,おう"
深,"ふかまる,み,ぶか,ふか,ふかめる,ふかい,しん"
申,"もうし,もう,さる,しん,もうす"
様,"さま,さん,よう,しょう"
財,"たから,ざい,さい,ぞく"
港,"みなと,こう"
識,"し,しる,しき"
呼,"よ,よぶ,こ"
達,"たち,たつ,だ"
良,"い,りょう,いい,よい,よ"
候,"そうろう,こう"
程,"ほど,てい"
満,"みたす,み,みつ,ばん,まん,みちる"
敗,"やぶれる,やぶ,はい"
値,"ね,あたい,ち"
突,"つ,つく,とつ,か"
光,"ひか,ひかる,ひかり,こう"
路,"じ,みち,ろ,る"
科,か
積,"せき,つ,つもる,づ,つもり,つむ"
他,"ほか,た"
処,"ところ,こ,お,しょ"
太,"た,ふと,ふとる,ふとった,ふとさ,ふとい,たい"
客,"きゃく,かく"
否,"いな,いや,ひ"
師,"もろもろ,なら,し,す"
登,"ちょう,どう,と,とう,のぼる,のぼ,あ,しょう"
易,"やす,い,やすい,えき,やさ,やさしい"
速,"そく,すみ,はやい,すみやか,はや,はやめる"
存,"そん,ぞん"
飛,"と,とぶ,とばす,ひ"
殺,"ころす,ごろ,さつ,さい,せつ,ころ,そ,ころし"
号,"さけ,よびな,ごう"
単,"ひとえ,たん"
座,"すわ,すわる,ざ"
破,"やぶれる,は,わ,やぶ,やぶる"
除,"じ,じょ,のぞ,よ,のぞく"
完,かん
降,"くだ,お,ふる,ご,おりる,ふり,ふ,おろす,こう"
責,"せ,せめる,せき"
捕,"と,ほ,とらわれる,とら,つかまる,とらえる,つか,とる,つかまえる"
危,"あぶない,あや,き,あやぶむ,あぶ,あやうく,あやうい"
給,"たま,たも,きゅう"
苦,"くる,くるしむ,にが,くるしめる,くるしい,ぐる,にがい,く,にがる"
迎,"むか,むかえる,げい"
園,"その,えん"
具,"そな,つぶさ,ぐ"
辞,"や,やめる,いな,じ"
因,"よる,よ,ちな,いん"
馬,"うま,ま,ば"
愛,"め,お,あい,いと,かな,いとおしむ,いとしい,まな"
富,"と,とみ,とむ,ふ,ふう"
彼,"かれ,かの,か,ひ"
未,"み,び,ま,まだ,いまだ,ひつじ,いま"
舞,"ま,まう,まい,ぶ"
亡,"な,なくなる,なくす,ほろ,ぼう,ない,なき,もう"
冷,"ひややか,さめる,つめ,つめたい,さます,ひやす,ひやかす,さ,ひや,ひ,ひえる,れい"
適,"かな,てき"
婦,"よめ,ふ"
寄,"き,よせる,よる,よ,より"
込,"こ,こむ,こめる"
顔,"かお,がん"
類,"たぐ,るい"
余,"あま,あまる,あんま,よ,あまり,あます"
王,"おう,のう"
返,"かえ,かえす,かえる,へん,かえり"
妻,"つま,さい"
背,"そむ,せ,そむく,そむける,せい,はい"
熱,"あつ,あつい,ねつ"
宿,"やど,やどる,やどす,しゅく"
薬,"くすり,やく"
険,"けわ,けわしい,けん"
頼,"らい,たよる,たのむ,たよ,たのもしい,たの"
覚,"さめる,おぼえる,おぼ,さます,かく,さ,さと"
船,"ふね,ふな,せん"
途,"みち,と"
許,"ゆる,もと,ゆるし,ゆるす,きょ"
抜,"ぬき,ぬける,ばつ,はつ,はい,ぬ,ぬく,ぬかす,ぬかる"
便,"たより,たよ,びん,べん"
留,"とめる,とどめる,と,とどまる,りゅう,とど,とまる,る,るうぶる"
罪,"つみ,ざい"
努,"つと,つとめる,つとめて,ど"
精,"せい,しょう,しやう"
散,"ちらかす,ち,ちる,ちらかる,ちらす,ちらばす,さん,ばら,ちらばる"
静,"しずか,しずめる,せい,しずまる,じょう,しず"
婚,こん
喜,"よろこ,き,よろこび,よろこばす,よろこぶ"
浮,"うかれる,うかべる,うかぶ,う,ふ,む,うく"
絶,"た,ぜつ,たやす,たつ,たえる"
幸,"さいわ,しあわ,さち,さいわい,しあわせ,こう"
押,"お,おす,おさえる,おさ,おう"
倒,"さかしま,たおれる,とう,さかさ,さかさま,たおす,たお,だお"
等,"など,ら,とう,ひと,ひとしい"
老,"ろう,ふける,お,ふ,おいる"
曲,"くま,ま,きょく,まげる,まがる"
払,"ひつ,はらう,はら,ふつ,ばら,ほつ,はらい"
庭,"にわ,てい"
徒,"いたずら,あだ,と"
勤,"ごん,づと,つとめる,いそ,つと,きん,つとまる"
遅,"ち,おくれる,おそい,おそ,おく,おそく,おくらす"
居,"こ,い,お,いる,きょ,おる"
雑,"まじ,ざつ,ぞう"
招,"まね,まねく,まねき,しょう"
困,"こま,こまる,こん"
欠,"かける,かかす,けん,かく,か,けつ"
更,"ふかす,ふける,さら,ふ,さらに,こう"
刻,"きざ,きざむ,きざみ,こく"
賛,"たす,たた,さん"
抱,"かかえる,かか,いだ,ほう,だく,だ,いだく"
犯,"おか,おかす,はん,ぼん"
恐,"こわ,おそれる,おそろしい,おそる,おそ,きょう"
息,"いき,そく"
遠,"とおい,とお,えん,とおく,おん"
戻,"もど,もどす,もどる,れい"
願,"ねが,ねがう,ねがい,がん"
絵,"かい,え"
越,"こ,おつ,ご,こす,こえる,えつ"
欲,"ほ,ほっする,ほしい,ほっ,よく"
痛,"いた,いためる,いたみ,いたむ,つう,いたい,いたましい"
笑,"わらい,えみ,わらう,しょう,えむ,え,わら"
互,"たが,たがい,かたみ,ご"
束,"たば,たばねる,つか,そく"
似,"にる,に,ひ,じ"
列,"れつ,れ"
探,"さがす,さぐる,さが,さぐ,たん"
逃,"とう,のがれる,のがす,のが,にげる,にがす,に"
遊,"あそ,あそび,ゆ,ゆう,あそぶ"
迷,"まよ,まよう,まよい,めい"
夢,"ゆめ,くら,む,ぼう"
君,"きみ,ぎみ,くん"
閉,"た,しまる,と,し,しめる,とざす,とじる,へい"
緒,"お,いとぐち,しょ,ちょ"
折,"お,せつ,おり,おれる,おる"
草,"くさ,ぐさ,そう"
暮,"く,くれる,くらす,ぼ"
酒,"さけ,さか,しゅ"
悲,"かなしみ,かなしい,かなしさ,かな,かなしむ,ひ"
晴,"はれる,せい,ば,は,はれ,はらす"
掛,"かかる,かける,かかり,かい,がかり,が,か,かけ,けい"
到,"いた,いたる,とう"
寝,"い,ねる,ね,ねかせる,ねかす,みたまや,しん,や"
暗,"くらさ,くれ,くらい,くら,あん"
盗,"ぬす,ぬすむ,ぬすみ,とう"
吸,"す,すう,きゅう"
陽,"ひ,よう"
御,"み,ぎょ,お,ご,おん"
歯,"は,よわい,よわ,し"
忘,"わす,わすれる,ぼう"
雪,"ゆき,せつ"
吹,"ふ,ふく,すい"
娘,"むすめ,こ,じょう"
誤,"あやま,あやまる,あやまり,ご"
洗,"あらう,あら,せん"
慣,"なれる,ならす,な,かん"
礼,"れい,らい"
窓,"てんまど,そう,まど,けむだし,す"
昔,"むかし,せき,しゃく"
貧,"ひん,まず,まずしい,まずしさ,びん"
怒,"おこる,おこ,いか,ど,ぬ,いかる"
泳,"およ,およぐ,およぎ,えい"
祖,そ
杯,"さかずき,はい"
疲,"つかれ,づか,つか,つかれる,ひ"
皆,"みな,みんな,かい"
鳴,"な,なる,なく,めい,ならす"
腹,"はら,ふく"
煙,"けむる,けむい,けむり,けむ,えん"
眠,"ねむ,ねむい,ねむる,みん"
怖,"こわがる,こわ,お,ほ,こわい,おそ,ふ"
耳,"みみ,じ"
頂,"いただ,いただく,いただき,ちょう"
箱,"はこ,そう"
晩,ばん
寒,"さむ,さむい,かん"
髪,"かみ,はつ"
忙,"いそが,おそ,せわ,ぼう,うれえるさま,いそがしい,もう"
才,さい
靴,"くつ,か"
恥,"ち,はじらい,はじ,は,はずかしい,はじる,はじらう"
偶,"たま,ぐう"
偉,"えら,えらい,い"
猫,"ねこ,びょう"
幾,"いく,いくつ,いくら,き"
党,"なかま,むら,とう"
協,きょう
総,"す,すべ,ふさ,そう"
区,"く,おう,こう"
領,"えり,りょう"
県,"か,けん"
設,"もう,もうける,せつ"
改,"あらた,あらためる,あらたまる,かい"
府,ふ
査,さ
委,"ゆだ,い"
軍,"いくさ,ぐん"
団,"かたまり,まる,だん,とん"
各,"おのおの,かく"
島,"しま,とう"
革,"かわ,かく"
村,"むら,そん"
勢,"いきお,はずみ,いきおい,せい,ぜい"
減,"へ,へる,へらす,げん"
再,"ふたた,ふたたび,さい,さ"
税,ぜい
営,"いとな,いとなむ,いとなみ,えい"
比,"くらべる,くら,ひ"
防,"ふせ,ふせぐ,ぼう"
補,"おぎな,おぎなう,ほ"
境,"さかい,きょう,けい"
導,"みちび,みちびく,みちびき,どう"
副,ふく
算,"そろ,さん"
輸,"ゆ,しゅ"
述,"の,のべる,じゅつ"
線,"すじ,せん"
農,のう
州,"す,しゅう"
武,"たけ,ぶ,む"
象,"かたど,しょう,ぞう"
域,いき
額,"ひたい,がく"
欧,"うた,は,おう"
担,"になう,にな,かつぐ,かつ,たん"
準,"のり,なぞら,じゅん,ひと,みずもり"
賞,"ほ,しょう"
辺,"へん,あたり,べ,ほと,あた"
造,"ぞう,つくり,づく,つくる,つく"
被,"こうむ,おお,かぶ,ひ"
技,"わざ,ぎ"
低,"てい,ひくめる,ひくい,ひく,ひくまる"
復,"また,ふく"
移,"うつ,うつす,うつる,い"
個,"こ,か"
門,"かど,と,もん"
課,か
脳,"のうずる,のう,どう"
極,"ぎ,きわ,き,きわまる,きわまり,きょく,きわみ,きわめる,ごく"
含,"ふく,ふくめる,がん,ふくむ,ふくみ"
蔵,"ぞう,そう,かく,くら,おさ"
量,"はかる,はかり,はか,りょう"
型,"かた,がた,けい"
況,"まし,いわ,おもむき,きょう"
針,"はり,しん"
専,"もっぱら,もっぱ,せん"
谷,"たに,きわ,こく"
史,し
階,"きざはし,かい"
管,"くだ,かん"
兵,"つわもの,へい,ひょう"
接,"つ,つぐ,せつ,しょう"
細,"こま,ほそ,さい,ほそる,こまかい,ほそい"
効,"ききめ,きく,なら,き,こう"
丸,"まる,まるい,まるめる,がん"
湾,"いりえ,わん"
録,"しる,と,ろく"
省,"せい,かえりみる,はぶ,しょう,かえり,はぶく"
旧,"ふる,もと,きゅう"
橋,"はし,きょう"
岸,"きし,がん"
周,"まわ,まわり,しゅう"
材,ざい
戸,"と,こ"
央,おう
券,けん
編,"あ,あむ,あみ,へん"
捜,"そう,さがす,さが,しゅ,しゅう"
竹,"たけ,ちく"
超,"こ,こえる,こす,ちょう"
並,"な,なら,ほう,ならびに,ならぶ,ならべる,なみ,ならび,へい"
療,りょう
採,"と,とる,さい"
森,"もり,しん"
競,"きそう,きそ,せ,せる,くら,けい,きょう"
介,かい
根,"ね,こん"
販,はん
歴,"れき,れっき"
将,"そう,ひきい,はた,もって,しょう,まさ"
幅,"はば,ふく"
般,はん
貿,ぼう
講,こう
林,"はやし,りん"
装,"よそお,よそおう,そう,しょう"
諸,"もろ,しょ"
劇,げき
河,"かわ,か"
航,こう
鉄,"くろがね,てつ"
児,"じ,こ,っこ,げい,に"
禁,きん
印,"しるし,じるし,しる,いん"
逆,"さかさ,ぎゃく,さからう,げき,さか"
換,"かえる,かわる,か,かん"
久,"ひさ,ひさしぶり,きゅう,ひさしい,く"
短,"みじか,みじかい,たん"
油,"あぶら,ゆ,ゆう"
暴,"ばく,あばれる,あば,あばく,ぼう"
輪,"わ,りん"
占,"うらな,うらなう,し,しめる,せん"
植,"う,うえる,うわる,しょく"
清,"せい,しょう,きよ,きよまる,きよい,しん,きよめる"
倍,ばい
均,"なら,きん"
億,おく
圧,"あつ,お,へ,えん,おさ,おう"
芸,"のり,げい,わざ,う,うん"
署,しょ
伸,"の,のびる,のばす,しん"
停,"と,てい"
爆,"は,ばく"
陸,"おか,りく,ろく"
玉,"たま,だま,ぎょく"
波,"なみ,は"
帯,"お,おびる,おび,たい"
延,"の,のばす,のべる,えん,のびる,のべ"
羽,"は,わ,はね,う"
固,"こ,かたい,かたまり,かたまる,かた,かためる"
則,"のっと,そく"
乱,"みだす,みだれる,みだ,ろん,みだれ,わた,らん,おさ"
普,"あまね,あまねし,ふ"
測,"はか,はかる,そく"
豊,"ほう,ゆたか,ゆた,とよ,ぶ"
厚,"あつ,あつい,あか,こう"
齢,"よわい,とし,れい"
囲,"かこ,い,かこう,かこい,かこむ"
卒,"お,ついに,そっ,しゅつ,そつ,にわか"
略,"ほぼ,りゃく,はかりごと,はぶ,おさ,おか,はか"
承,"こ,うけたまわる,たす,ささ,すく,とど,しょう,う,じょう,うけたまわ,つい"
順,じゅん
岩,"いわ,がん"
練,"ね,ねる,ねり,れん"
軽,"かろ,かろやかな,かる,かるい,けい"
了,りょう
庁,"やくしょ,ちょう,てい"
城,"しろ,じょう"
患,"わずら,わずらう,かん"
層,そう
版,はん
令,れい
角,"かど,つの,かく"
絡,"からむ,らく,からめる,からまる,から"
損,"そん,そこ,そこなう,そこねる,そこな"
募,"つのる,つの,ぼ"
裏,"うら,り"
仏,"ほとけ,ぶつ,ふつ"
績,せき
築,"きず,きずく,ちく"
貨,"たから,か"
混,"まざる,こ,こん,ま,まじり,まぜる,まじる"
昇,"のぼ,のぼる,しょう"
池,"いけ,ち"
血,"ち,けつ"
温,"あたた,あたたかい,あたたまる,あたたか,あたためる,ぬく,おん"
季,き
星,"ほし,ぼし,せい,しょう"
永,"なが,ながい,えい"
著,"いちじる,あらわす,ちゃく,ちょ,あらわ,いちじるしい"
誌,し
庫,"くら,こ,く"
刊,かん
像,ぞう
香,"かおり,かお,かおる,か,こう,きょう"
坂,"さか,はん"
底,"そこ,てい"
布,"ぬの,ふ"
寺,"てら,じ"
宇,う
巨,きょ
震,"ふる,ふるえる,ふるえ,しん"
希,"まれ,き,け"
触,"しょく,ふれる,さわ,ふ,さわる"
依,"よ,い,え"
籍,せき
汚,"けがれる,けがす,お,よごれる,よごす,よご,けがらわしい,きたな,けが,きたない"
枚,"まい,ばい"
複,ふく
郵,ゆう
仲,"なか,ちゅう"
栄,"さかえる,えい,ば,はえる,は,え,よう,さか"
札,"ふだ,さつ"
板,"いた,はん,ばん"
骨,"ほね,こつ"
傾,"かしげる,かたぶ,かたむ,かたむく,かたむける,かし,かた,けい"
届,"とど,とどく,とどける,かい"
巻,"まき,かん,ま,まく,けん"
燃,"もえる,も,もやす,もす,ねん"
跡,"あと,せき"
包,"つつむ,くる,ほう,つつみ,つつ"
駐,ちゅう
弱,"よわめる,よわい,よわまる,じゃく,よわ,よわる"
紹,しょう
雇,"やと,やとう,こ"
替,"か,かわる,かえる,たい"
預,"あず,あずける,あずかる,よ"
焼,"やく,しょう,やける,や,やき"
簡,かん
章,しょう
臓,"はらわた,ぞう"
律,"りつ,りち,れつ"
贈,"おく,おくる,ぞう,そう"
照,"てれる,しょう,て,てる,てらす"
薄,"すすき,うすめる,はす,うすい,うすまる,うす,うすらぐ,うすれる,はく"
群,"ぐん,むらがる,むれ,むれる,む,むら"
秒,びょう
奥,"おく,くま,おう"
詰,"つ,つめる,つまる,づ,きつ,つむ,きち"
双,"そう,ふたつ,ふた,ならぶ,たぐい"
刺,"ささる,さし,し,とげ,さ,さす"
純,じゅん
翌,よく
快,"こころよ,こころよい,こころよさ,かい"
片,"かた,へん"
敬,"うやまう,うやまい,うやま,けい,きょう"
悩,"なやます,なやむ,なやみ,のう,なや"
泉,"いずみ,せん"
皮,"かわ,ひ"
漁,"あさ,ぎょ,りょう"
荒,"あらす,あれる,あら,あ,すさ,こう,あらい"
貯,"た,たくわ,ちょ"
硬,"かた,かたい,こう"
埋,"い,うもれる,うず,うまる,まい,う,うめる"
柱,"はしら,ちゅう"
祭,"まつる,まつり,まつ,さい"
袋,"ふくろ,たい,だい"
筆,"ふで,ひつ"
訓,"おし,よ,くん,きん"
浴,"あ,あびる,あびせる,よく"
童,"わらべ,どう"
宝,"たから,ほう"
封,"ふう,ほう"
胸,"むね,むな,きょう"
砂,"すな,さ,しゃ"
塩,"しお,えん"
賢,"かしこ,かしこい,けん"
腕,"うで,わん"
兆,"きざ,きざす,きざし,ちょう"
床,"とこ,ゆか,しょう"
毛,"け,もう"
緑,"みどり,りょく,ろく"
尊,"たっとぶ,とうとい,そん,とうとぶ,とうと,たっとい,たっと"
祝,"しゅく,いわ,いわう,しゅう,いわい"
柔,"にゅう,やわ,じゅう,やわらかい,やわな"
殿,"との,どの,でん,てん"
濃,"こ,こい,こさ,のう"
液,えき
衣,"ぎ,い,ころも,きぬ,え"
肩,"かた,けん"
零,"ぜろ,こぼ,れい"
幼,"おさない,おさな,よう"
荷,"に,か"
泊,"とまる,とめる,と,はく"
黄,"き,こ,こう,おう"
甘,"うま,あま,かん,あまえ,あまえる,あまさ,あまい,あまやかす"
臣,"しん,じん"
浅,"あさ,あさい,せん"
掃,"は,はく,そう,しゅ"
雲,"くも,ぐも,うん"
掘,"ほ,ほる,くつ"
捨,"す,すてる,しゃ"
軟,"やわ,やわらかい,なん"
沈,"じん,しずめる,ちん,しずむ,しず"
凍,"こ,こおる,い,し,とう,こお,こご,こごえる"
乳,"ちち,ち,にゅう"
恋,"こ,れん,こいしい,こい,こいする,こう"
紅,"くれない,べに,あか,く,こう"
郊,こう
腰,"こし,よう"
炭,"すみ,たん"
踊,"おど,おどる,おどり,よう"
冊,"ふみ,さつ,さく"
勇,"いさ,いさむ,いさましい,ゆう"
械,"かせ,かい"
菜,"な,さい"
珍,"めずら,めずらしい,たから,ちん"
卵,"たまご,らん"
湖,"みずうみ,こ"
喫,"の,きつ"
干,"ほ,かん,ほし,ひ,ひる,ほす,ぼ"
虫,"むし,ちゅう,き"
刷,"する,さつ,ず,ずり,す,は"
湯,"ゆ,とう"
溶,"と,とく,よう,とける,とかす"
鉱,"あらがね,こう"
涙,"なみだ,るい,れい"
匹,"ひき,ひつ"
孫,"まご,そん"
鋭,"するど,するどい,えい"
枝,"えだ,し"
塗,"まみ,ぬる,と,ぬり,ぬ"
軒,"のき,けん"
毒,どく
叫,"さけ,さけぶ,きょう"
拝,"おが,おがむ,おろが,はい"
氷,"こおり,ひ,こお,ひょう"
乾,"いぬい,ほ,かん,けん,かわき,かわ,ひ,かわかす,かわく"
棒,ぼう
祈,"いの,いのる,いのり,き"
拾,"ひろ,ひろう,しゅう,じゅう"
粉,"こ,こな,でしめうとる,ふん"
糸,"いと,し"
綿,"わた,めん"
汗,"あせ,かん"
銅,"あかがね,どう"
湿,"しめ,しめる,しめす,しつ,うるお,しゅう"
瓶,"かめ,びん"
咲,"さ,さく,ざき,しょう"
召,"め,めす,しょう"
缶,"かま,かん"
隻,せき
脂,"あぶら,し"
蒸,"せい,むらす,むれる,む,じょう,むす"
肌,"はだ,き"
耕,"たがや,たがやす,こう"
鈍,"にぶい,なまく,にぶ,なま,どん,にぶる"
泥,"どろ,でい,ない,で,に"
隅,"すみ,ぐう"
灯,"ほ,とう,とも,あかり,ひ,ともしび"
辛,"づら,かのと,からい,つら,からさ,しん,から"
磨,"みが,みがく,す,ま"
麦,"むぎ,ばく"
姓,"せい,しょう"
筒,"つつ,とう"
鼻,"はな,び"
粒,"つぶ,りゅう"
詞,し
胃,い
畳,"ちょう,たたみ,たたむ,たた,じょう,かさ"
机,"つくえ,き"
膚,"はだ,ふ"
濯,"すす,ゆす,たく"
塔,とう
沸,"わ,わく,わかす,ふつ"
灰,"はい,かい"
菓,か
帽,"ずきん,おお,ぼう,もう"
枯,"か,かれる,からす,こ"
涼,"りょう,うす,すず,ひや,すずしい,すずむ,まことに"
舟,"ふね,ふな,ぶね,しゅう"
貝,"かい,ばい"
符,ふ
憎,"ぞう,にく,にくしみ,にくらしい,にくむ,にくい"
皿,"さら,べい"
肯,"がえんじ,こう"
燥,"はしゃ,そう"
畜,ちく
挟,"わきばさ,はさ,しょう,はさむ,はさまる,さしはさ,きょう"
曇,"くも,くもる,くもり,どん"
滴,"しずく,したた,したたる,てき"
伺,"うかがう,うかがい,うかが,し"
氏,"うじ,し"
統,"すべる,とう,ほび,す,すべて"
保,"たもつ,たも,ほ,ほう"
第,"だい,てい"
結,"むすぶ,ゆわえる,けち,ゆ,ゆう,むす,けつ"
派,は
案,"つくえ,あん"
策,さく
基,"もと,もとい,き"
価,"あたい,か,け"
提,"ちょう,さげる,てい,だい,さ"
挙,"こぞ,あ,あげる,あがる,きょ"
応,"こた,のう,おう,まさに,よう,あた"
企,"くわだ,くわだてる,たくら,き"
検,"しら,けん"
藤,"ふじ,とう,どう"
沢,"さわ,うるお,つや,たく"
裁,"た,さい,たつ,さばく,さば"
証,"あかし,しょう"
援,えん
施,"ほどこ,し,せ"
井,"い,せい,しょう"
護,"まも,まもる,ご"
展,てん
態,"わざ,たい"
鮮,"あざ,せん"
視,"み,し"
条,"ちょう,でき,じょう,えだ,すじ"
幹,"みき,かん"
独,"ひと,ひとり,どく,とく"
宮,"みや,きゅう,ぐう,くう,く"
率,"ひき,ひきいる,しゅつ,そつ,りつ"
衛,"えい,え"
張,"ちょう,はり,ば,は,はる"
監,かん
環,"わ,かん"
審,"つまび,つぶさ,しん"
義,ぎ
訴,"うった,そ"
株,"かぶ,しゅ"
姿,"すがた,し"
閣,かく
衆,"おお,しゅう,しゅ"
評,ひょう
影,"かげ,えい"
松,"まつ,しょう"
撃,"う,げき"
佐,さ
核,かく
整,"ととの,ととのえる,ととのう,せい"
融,"と,ゆう"
製,せい
票,ひょう
渉,"わた,しょう"
響,"ひびく,ひび,ひびかす,ひびき,きょう"
推,"お,おす,すい"
請,"こ,せい,しょう,う,しん"
器,"うつわ,き"
士,"さむらい,し"
討,"う,うつ,とう"
攻,"せめる,せ,こう"
崎,"さき,さい,みさき,き"
督,とく
授,"じゅ,さずける,さずかる,さず, さずける"
催,"もよう,もよお,さい"
及,"およ,および,きゅう"
憲,けん
離,"はなれる,はなす,はな,り"
激,"はげ,はげしい,げき"
摘,"つ,てき"
系,けい
批,ひ
郎,"おとこ,ろう,りょう"
健,"すこ,すこやかな,けん"
盟,めい
従,"したがう,じゅう,じゅ,したが,しょう,したがえる,より"
修,"おさまる,おさ,しゅ,おさめる,しゅう"
隊,たい
織,"しょく,お,おり,しき,おる"
拡,"ひろ,かく,こう"
故,"ゆえ,ふる,もと,こ"
振,"ふ,ぶ,しん"
弁,"わきま,へん,べん,はなびら,あらそ,わ"
就,"つ,つく,しゅう,じゅ"
異,"こと,ことなる,け,い"
献,"たてまつ,けん,こん"
厳,"きびしい,ごん,いか,げん,おごそ,おごそか,きび,いつくし"
維,い
浜,"はま,ひん"
遺,"のこ,い,ゆい"
塁,"とりで,るい,らい,すい"
邦,"くに,ほう"
素,"もと,そ,す"
遣,"つか,づか,や,けん"
抗,"あらが,こう"
模,"も,ぼ"
雄,"お,おす,おん,ゆう"
益,"ま,えき,やく"
緊,"し,きん"
標,"しるべ,しるし,ひょう"
宣,"のたま,せん"
昭,しょう
廃,"すた,はい"
伊,"かれ,い"
江,"え,こう"
僚,りょう
吉,"よし,きち,きつ"
盛,"せい,も,さかん,じょう,さかんな,もる,さか"
皇,"こう,おう"
臨,"のぞ,のぞむ,りん"
踏,"ふ,とう"
壊,"こわれる,こわ,かい,こわす,え,やぶ"
債,さい
興,"おこる,おこ,おこす,こう,きょう"
源,"みなもと,げん"
儀,ぎ
創,"そう,はじ,けず,しょう,つく,きず"
障,"さわ,さわる,しょう"
継,"つ,まま,けい"
筋,"すじ,きん"
闘,"たたか,あらそ,とう"
葬,"ほうむ,そう"
避,"さ,さける,よ,ひ"
司,"つかさど,し"
康,こう
善,"い,よい,よし,ぜん,よ"
逮,たい
迫,"せま,はく"
惑,"まど,わく"
崩,"くず,ほう"
紀,き
聴,"き,ゆる,ちょう,てい"
脱,"ぬ,ぬぐ,ぬげる,だつ"
級,きゅう
博,"はく,ばく"
締,"し,じ,てい"
救,"すく,すくう,きゅう"
執,"と,しつ,しゅう"
房,"ふさ,ぼう"
撤,てつ
削,"けず,はつ,そ,さく"
密,"ひそ,みつ"
措,"お,そ"
志,"こころざす,し,こころざ,こころざし,しりんぐ"
載,"の,さい"
陣,じん
我,"われ,わ,わが,が"
為,"い,な,す,たり,ため,つく,なり"
抑,"おさえる,おさ,よく"
幕,"とばり,まく,ばく"
染,"じ,ぞめ,し,ぞ,そめる,そ,しみ,そまる,せん,しみる"
奈,"な,だい,ない,いかん,からなし"
傷,"いた,いためる,いたむ,しょう,きず"
択,"えら,たく"
秀,"ひい,しゅう"
徴,"しるし,ちょう,ち"
弾,"だん,はずむ,ひき,はじ,ただ,ひ,はず,たん,ひく,たま"
償,"つぐな,しょう"
功,"いさお,こう,く"
拠,"よ,きょ,こ"
秘,"ひ,ひめる,ひそ,かく"
拒,"こば,きょ,ご"
刑,けい
塚,"つか,づか,ちょう"
致,"いた,ち"
繰,"く,そう"
尾,"お,び"
描,"えが,えがく,か,びょう"
鈴,"すず,れい,りん"
盤,ばん
項,"うなじ,こう"
喪,"も,そう"
伴,"ともな,はん,ばん"
養,"やしな,やしなう,よう,りょう"
懸,"か,けん,け"
街,"まち,がい,かい"
契,"ちぎ,けい"
掲,"かか,けい"
躍,"おど,やく"
棄,"す,き"
邸,"やしき,てい"
縮,"しゅく,ちぢ,ちぢまる,ちぢれる,ちぢむ,ちぢらす,ちぢめる"
還,"かえ,かん"
属,"しょく,やから,さかん,つく,ぞく"
慮,"おもんぱく,おもんぱか,りょ"
枠,わく
恵,"めぐ,けい,え"
露,"つゆ,ろ,ろう"
沖,"おき,おきつ,ちゅう,わく"
緩,"ゆる,かん"
節,"せつ,ふし,のっと,せち,ぶし"
需,じゅ
射,"い,いる,う,さ,しゃ,さす"
購,こう
揮,"ふる,き"
充,"あ,あてる,み,じゅう"
貢,"みつ,こう,く"
鹿,"しか,か,ろく"
却,"かえ,しりぞ,きゃく"
端,"はな,はた,はし,は,たん,ばた"
賃,ちん
獲,"え,かく"
郡,"こおり,ぐん"
併,"あわ,へい"
徹,てつ
貴,"とうとい,き,とうと,たっとい,たっと"
衝,"つ,しょう"
焦,"こ,こげる,あせり,あせ,あせる,こがれる,こがす,しょう"
奪,"うば,だつ"
災,"わざわ,わざわい,さい"
浦,"うら,ほ"
析,せき
譲,"ゆず,じょう"
称,"とな,ほめ,かな,あ,しょう,たた,はか"
納,"おさめる,な,とう,おさまる,のう,なん,なッ,おさ,なつ,おさめる"
樹,"き,じゅ"
挑,"いど,ちょう"
誘,"さそ,いざな,ゆう,いう"
紛,"まぎ,ふん"
至,"いた,いたる,し"
宗,"むね,しゅう,そう"
促,"うなが,そく"
慎,"つつし,しん"
控,"ひか,ひかえる,ひかえ,こう"
智,ち
握,"にぎ,あく"
宙,ちゅう
俊,しゅん
銭,"ぜに,すき,せん,ぜん"
渋,"しぶ,じゅう,しゅう"
銃,"つつ,じゅう"
操,"あやつ,そう,みさお,あやつる,さん"
携,"たずさ,けい"
診,"み,しん"
託,"かこつ,かこ,たく"
撮,"と,つま,ど,さつ"
誕,たん
侵,"おか,しん"
括,"くく,かつ"
謝,"あやまる,あやま,しゃ"
駆,"か,く"
透,"す,とう"
津,"つ,しん"
壁,"かべ,へき"
稲,"いね,いな,とう,て"
仮,"かり,かりに,か,け"
裂,"さ,ぎ,れつ"
敏,"さとい,びん"
是,"し,これ,ここ,この,ぜ"
排,はい
裕,ゆう
堅,"かたい,けん,がた,かた,かたさ"
訳,"わけ,やく"
芝,"しば,し"
綱,"つな,こう"
典,"てん,でん"
賀,が
扱,"あつか,こ,そう,きゅう"
顧,"かえり,こ"
弘,"ひろ,こう,ぐ"
看,"み,かん"
訟,しょう
戒,"いまし,かい"
祉,し
誉,"ほま,ほ,よ"
歓,"よろこ,かん"
奏,"かな,かなでる,そう"
勧,"すす,すすめる,かん,けん"
騒,"さわぎ,そう,さわがす,さわ,うれい,さわぐ,さわがしい"
閥,ばつ
甲,"きのえ,こう,かん,か"
縄,"なわ,ただ,じょう"
郷,"さと,きょう,ごう"
揺,"ゆ,うご,よう"
免,"まぬか,まぬかれる,まぬが,めん"
既,"すで,き"
薦,"すす,せん"
隣,"とな,となり,りん"
華,"はな,はなやかな,か,け"
範,はん
隠,"かか,かく,いん,よ,おん"
徳,とく
哲,"し,あき,てつ,さとい,さば"
杉,"すぎ,さん"
釈,"ゆる,せき,す,とく,しゃく"
己,"こ,な,き,つちのと,おのれ"
妥,だ
威,"おど,い"
豪,"えら,ごう"
熊,"くま,ゆう"
滞,"とどこお,たい,てい"
微,"かす,び"
隆,りゅう
症,しょう
暫,"しばら,ざん"
忠,ちゅう
倉,"くら,そう"
彦,"ひこ,げん"
肝,"きも,かん"
喚,"わめ,かん"
沿,"そ,そう,ぞ,えん"
妙,"たえ,みょう,びょう"
唱,"とな,となえる,しょう"
阿,"おもね,くま,あ,お"
索,さく
誠,"まこと,せい"
襲,"おそ,かさ,しゅう"
懇,"ねんご,こん"
俳,はい
柄,"がら,え,つか,へい"
驚,"おどろ,おどろく,おどろかす,きょう"
麻,"あさ,ま,まあ"
李,"すもも,り"
浩,"おおき,ひろ,こう"
剤,"ざい,せい,かる,けず,すい"
瀬,"せ,らい"
趣,"おもむき,おもむ,しゅ"
陥,"おちい,おとしい,かん"
斎,"い,いわ,さい,つつし,ものいみ,いつ,とき"
貫,"つらぬ,ぬ,ぬき,かん"
仙,"せん,せんと"
慰,"なぐさ,い"
序,"つい,ついで,じょ"
旬,"じゅん,しゅん"
兼,"か,けん"
聖,"ひじり,せい,しょう"
旨,"むね,うま,し"
即,"すなわ,すなわち,つ,そく"
柳,"やなぎ,りゅう"
舎,"やど,しゃ,せき"
偽,"いつわ,にせ,ぎ,か"
較,"くら,かく,こう"
覇,"はたがしら,は,はく"
詳,"くわ,くわしい,つまび,しょう"
抵,てい
脅,"おびや,おど,きょう"
茂,"しげ,も"
犠,"いけにえ,ぎ,き"
旗,"はた,き"
距,"へだ,けづめ,きょ"
雅,"みや,が"
飾,"かざ,しょく"
網,"あみ,もう"
竜,"ろう,りょう,いせ,たつ,りゅう"
詩,"うた,し"
繁,"しげ,はん"
翼,"つばさ,よく"
潟,"かた,がた,せき"
敵,"かたき,あだ,かな,てき"
魅,み
嫌,"げん,けん,きら,きらい,いや,いやがる,きらう"
斉,"はやい,さい,せい,そろ,ひと,あたる"
敷,"し,ふ"
擁,よう
圏,"かこ,けん"
酸,"す,すい,さん"
罰,"ばっ,ばつ,ばち,はつ"
滅,"ほろ,めつ"
礎,"いしずえ,そ"
腐,"くさ,ふ"
脚,"あし,きゃく,きゃ,かく"
潮,"しお,うしお,ちょう"
梅,"うめ,ばい"
尽,"ことごと,つ,じん,つき,ず,づ,つか,さん,さかづき"
僕,"しもべ,ぼく"
桜,"さくら,おう,よう"
滑,"すべ,なめ,かつ,こつ"
孤,こ
炎,"ほのお,えん"
賠,ばい
句,く
鋼,"はがね,こう"
頑,"かたく,がん"
鎖,"くさり,とざ,さ"
彩,"いろど,さい"
摩,"ま,さ,す"
励,"はげ,れい"
縦,"たて,じゅう"
輝,"かがや,き"
蓄,"たくわ,ちく"
軸,じく
巡,"めぐ,じゅん"
稼,"かせ,か"
瞬,"またた,まじろ,しゅん"
砲,ほう
噴,"ふ,ふん"
誇,"ほこ,ほこる,ほこり,こ"
祥,"つまび,さいわ,しょう,よ,きざ"
牲,せい
秩,ちつ
帝,"みかど,てい"
宏,"ひろ,こう"
唆,"そそ,そそのか,さ"
阻,"はば,そ"
泰,たい
賄,"まかな,わい"
撲,ぼく
堀,"ほり,くつ"
菊,きく
絞,"しぼ,し,こう"
縁,"ふちど,よすが,ゆかり,ねん,へり,えん,ふち,えにし"
唯,"ただ,ゆい,い"
膨,"ふく,ぼう"
矢,"や,し"
耐,"た,たい"
塾,じゅく
漏,"も,ろう"
慶,"よろこ,けい"
猛,もう
芳,"かんば,ほう"
懲,"こ,ちょう"
剣,"つるぎ,けん"
彰,しょう
棋,"ご,き"
丁,"ちょう,とう,ち,てい,ちん,ひのと"
恒,"つね,つねに,こう"
揚,"あ,よう"
冒,"おか,おかす,ぼう"
之,"の,し,これ,ゆく,この,おいて"
倫,りん
陳,"ひ,ちん"
憶,おく
潜,"もぐ,ひそ,かく,せん,くぐ"
梨,"なし,り"
仁,"じん,にん,に"
克,"か,こく"
岳,"たけ,がく"
概,"おおむ,がい"
拘,"かか,こう"
墓,"はか,ぼ"
黙,"だま,もだ,もく,ぼく"
須,"もと,もち,すべし,まつ,す,すべから,しゅ,ひげ"
偏,"かたよ,かたよる,かたより,へん"
雰,ふん
遇,"あ,ぐう"
諮,"はか,し"
狭,"せばまる,せま,せまい,せばめる,さ,せば,こう,きょう"
卓,たく
亀,"かめ,き,きゅう,きん"
糧,"かて,りょう,ろう"
簿,ぼ
炉,"いろり,ろ"
牧,"まき,ぼく"
殊,"こと,しゅ"
殖,"ふ,しょく"
艦,かん
輩,"やから,ともがら,やかい,はい,ばら"
穴,"あな,けつ"
奇,"あや,き,くし,めずら,く"
慢,まん
鶴,"つる,かく"
謀,"たばか,はかりごと,ぼう,む,はか"
暖,"あたた,だん,あたたかい,のん,あたたまる,あたためる"
昌,"さかん,しょう"
拍,"はく,ひょう"
朗,"ほが,ほがらかな,あき,ろう"
寛,"くつろ,ひろ,ゆる,かん"
覆,"おお,くつがえ,ふく"
胞,ほう
泣,"な,なく,きゅう"
隔,"へだ,かく"
浄,"きよ,じょう,せい"
没,"おぼ,ぼつ,ない,もつ,しず"
暇,"ひま,いとま,か"
肺,はい
貞,"さだ,てい"
靖,"やす,せい,じょう"
鑑,"かんが,かがみ,かん"
飼,"か,かう,し"
陰,"かげ,いん"
銘,めい
随,"まにま,したが,ずい"
烈,"はげ,れつ"
尋,"たず,ひろ,じん"
稿,"わら,したがき,こう"
丹,"に,たん"
啓,"ひら,さと,けい"
也,"また,え,か,や,なり"
丘,"おか,きゅう"
棟,"むね,むな,とう"
壌,"つち,じょう"
漫,"みだり,そぞ,まん"
玄,げん
粘,"ねば,ねん"
悟,"さと,さとる,さとり,ご"
舗,ほ
妊,"はら,みごも,にん,じん"
熟,"う,うれる,じゅく"
旭,"あさひ,きょく"
恩,おん
騰,"あが,のぼ,とう"
往,"い,いにしえ,ゆ,さき,おう"
豆,"まめ,とう,ず"
遂,"と,つい,すい"
狂,"くる,くるおしい,くるう,くるお,くるわす,くるわせる,きょう"
岐,"き,ぎ"
陛,へい
緯,"よこいと,ぬき,い"
培,"つちか,ばい"
衰,"おとろ,すい"
艇,てい
屈,"かが,くつ"
径,"ただちに,みち,さしわたし,こみち,けい"
淡,"あわ,たん"
抽,"ひき,ちゅう"
披,ひ
廷,てい
錦,"にしき,きん"
准,じゅん
暑,"あつ,あつい,あつさ,しょ"
磯,"いそ,き"
奨,"すす,しょう,そう"
浸,"ひた,しん"
剰,"あまつさえ,あま,じょう"
胆,"きも,たん"
繊,せん
駒,"こま,く"
虚,"むな,うつ,きょ,こ"
霊,"たま,れい,りょう"
帳,"とばり,ちょう"
悔,"く,くや,かい"
諭,"さと,ゆ"
惨,"むご,いた,ざん,さん,みじ"
虐,"しいた,ぎゃく"
翻,"ひるがえ,ほん,はん"
墜,"お,つい"
沼,"ぬま,しょう"
据,"す,きょ"
肥,"こ,ふと,こえ,こやし,こえる,ひ,こやす"
徐,"おもむ,じょ"
糖,とう
搭,とう
盾,"たて,じゅん"
脈,"すじ,みゃく"
滝,"たき,ろう,そう"
軌,き
俵,"たわら,ひょう"
妨,"さまた,ぼう"
擦,"す,ず,こす,さつ"
鯨,"くじら,げい"
荘,"ほうき,そう,おごそ,ちゃん,しょう"
諾,だく
雷,"かみなり,いかずち,いかづち,らい"
漂,"ただよ,ひょう"
懐,"いだ,ふところ,かい,なず,なつ,え,おも"
勘,かん
栽,さい
拐,かい
駄,"だ,た"
添,"そ,も,てん"
冠,"かんむり,かん"
斜,"なな,はす,しゃ"
鏡,"かがみ,きょう,けい"
聡,"さと,みみざと,そう"
浪,ろう
亜,"つ,あ"
覧,"み,らん"
詐,"いつわ,さ"
壇,"だん,たん"
勲,"いさお,くん"
魔,ま
酬,"むく,しゅう,しゅ,とう"
紫,"むらさき,し"
曙,"あけぼの,しょ"
紋,もん
卸,"おろ,おろし,しゃ"
奮,"ふる,ふるう,ふん"
欄,"てすり,らん"
逸,"そ,はぐ,いつ"
涯,"はて,がい"
拓,"ひら,たく"
眼,"まなこ,め,がん,げん"
獄,ごく
尚,"なお,しょう"
彫,"ほ,ぼ,ちょう"
穏,"おだ,おん"
顕,"あきらか,あらわ,けん"
巧,"たく,うま,こう"
矛,"ほこ,む,ぼう"
垣,"かき,えん"
欺,"あざむ,ぎ"
釣,"つ,ちょう"
萩,"はぎ,しゅう"
粛,"つつし,しゅく,すく"
栗,"くり,おののく,りつ,り"
愚,"おろ,ぐ"
嘉,"よみ,よい,か"
遭,"あ,そう"
架,か
鬼,"おに,き"
庶,しょ
稚,"じ,おでる,ち,いとけない,おくて,おさない"
滋,じ
幻,"まぼろし,げん"
煮,"に,しゃ"
姫,"ひめ,き"
誓,"ちか,せい"
把,"は,わ"
践,"ふ,せん"
呈,てい
疎,"うと,まば,そ,しょ"
仰,"お,おっしゃ,おお,ぎょう,あお,こう"
剛,ごう
疾,"はや,しつ"
征,せい
砕,"くだ,さい"
謡,"うた,よう"
嫁,"い,ゆ,よめ,とつ,か"
謙,けん
后,"きさき,こう,ご"
嘆,"なげ,たん"
菌,きん
鎌,"かま,れん,けん"
巣,"す,そう"
頻,"しき,ひん"
琴,"こと,きん"
班,はん
棚,"たな,だな,ほう"
潔,"いさぎよ,いさぎよい,けつ"
酷,"ひど,こく"
宰,さい
廊,ろう
寂,"さび,さみ,じゃく,せき"
辰,"たつ,しん,じん"
霞,"かすみ,かす,か,げ"
伏,"ふ,ふせる,ふす,ふく"
碁,ご
俗,ぞく
漠,ばく
邪,"よこし,じゃ"
晶,しょう
墨,"すみ,ぼく"
鎮,"しず,おさえ,ちん"
洞,"ほら,どう"
履,"は,り"
劣,"おと,れつ"
那,"な,なに,なんぞ,いかん,だ"
殴,"なぐ,おう"
娠,しん
奉,"たてまつ,まつ,ほう,ぶ"
憂,"うれ,う,ゆう"
朴,"ほう,ほお,えのき,ぼく"
亭,"てい,ちん"
淳,"あつ,じゅん,しゅん"
怪,"あや,あやしい,あやしむ,かい,け"
鳩,"はと,あつ,きゅう,く"
酔,"よ,すい"
惜,"お,せき"
穫,かく
佳,か
潤,"うるお,うる,じゅん"
悼,"いた,とう"
乏,"とぼしい,とぼ,とぼしさ,ぼう,とも"
該,がい
赴,"おもむ,ふ"
桑,"くわ,そう"
桂,"かつら,けい"
髄,ずい
虎,"とら,こ"
盆,ぼん
晋,"すす,しん"
穂,"ほ,すい"
壮,"さかん,そう"
堤,"つつみ,てい"
飢,"う,き"
傍,"そば,はた,ぼう,かたわ,わき,おか"
疫,"えき,やく"
累,るい
痴,"し,おろか,ち"
搬,はん
晃,"あきらか,こう"
癒,"い,いや,ゆ"
桐,"きり,とう,どう"
寸,すん
郭,"くるわ,かく"
尿,にょう
凶,きょう
吐,"は,つ,と"
宴,"うたげ,えん"
鷹,"たか,よう,おう"
賓,ひん
虜,"とりこ,とりく,りょ,ろ"
陶,とう
鐘,"かね,しょう"
憾,"うら,かん"
猪,"い,いのしし,ちょ"
紘,"おおづな,つな,つなぐ,こう"
磁,じ
弥,"み,び,ひさし,とおい,ひさ,わた,いや,いよいよ,あまねし,や"
昆,こん
粗,"あら,そ"
訂,てい
芽,"め,が"
庄,"しょう,そ,そう,ほう"
傘,"かさ,さん"
敦,"ちょう,だん,とん,あつ,たい"
騎,き
寧,"むし,ねい"
循,じゅん
忍,"しの,にん"
怠,"おこた,なま,たい"
如,"ごと,じょ,にょ"
寮,りょう
祐,"たす,ゆう,う"
鵬,"おおとり,ほう"
鉛,"なまり,えん"
珠,"たま,しゅ"
凝,"こ,こご,ぎょう"
苗,"なえ,なわ,びょう,みょう"
獣,"けもの,けだもの,じゅう"
哀,"あわ,かな,あい"
跳,"は,と,ちょう"
匠,"たくみ,しょう"
垂,"た,たれ,たれる,なんなんと,すい,たらす"
蛇,"い,へび,じゃ,や,だ"
澄,"す,ちょう"
縫,"ぬ,ほう"
僧,そう
眺,"なが,ちょう"
亘,"わた,もと,こう,かん"
呉,"く,くれ,ご"
凡,"はん,おうよ,すべ,およ,ぼん"
憩,"いこ,けい"
媛,"ひめ,えん"
溝,"みぞ,こう"
恭,"うやうや,きょう"
刈,"か,がい,かい"
睡,すい
錯,"さく,しゃく"
伯,はく
笹,ささ
穀,こく
陵,"みささぎ,りょう"
霧,"きり,む,ぼう,ぶ"
魂,"たましい,たま,こん"
弊,へい
妃,"きさき,ひ"
舶,はく
餓,"う,が"
窮,"きわ,きゅう,きょう"
掌,"てのひら,たなごころ,しょう"
麗,"うるわ,うら,れい"
綾,"あや,りん"
臭,"くさ,にお,しゅう"
悦,"よろこ,えつ"
刃,"やいば,じん,き,は,にん"
縛,"しば,ばく"
暦,"こよみ,りゃく,れき"
宜,"よろ,ぎ"
盲,"めくら,もう"
粋,"いき,すい"
辱,"はずかし,はずかしめ,はずかしめる,じょく"
毅,"つよ,き,ぎ"
轄,"くさび,かつ"
猿,"さる,えん"
弦,"つる,げん"
稔,"じん,みの,ねん,にん,みのり"
窒,ちつ
炊,"た,だ,すい"
洪,こう
摂,"と,かね,せつ,しょう,おさ"
飽,"あ,あきる,あかす,ほう"
冗,じょう
桃,"もも,とう"
狩,"か,が,しゅ"
朱,"あけ,しゅ"
渦,"うず,か"
紳,しん
枢,"とぼそ,からくり,すう,しゅ"
碑,"いしぶみ,ひ"
鍛,"きた,たん"
刀,"かたな,そり,とう"
鼓,"つづみ,こ"
裸,"はだか,ら"
猶,"なお,ゆう,ゆ"
塊,"かたまり,つちくれ,かい,け"
旋,せん
弓,"ゆみ,きゅう"
幣,"ぬさ,へい"
膜,まく
扇,"おうぎ,せん"
腸,"はらわた,ちょう"
槽,"ふね,そう"
慈,"いつく,じ"
楊,"かわ,やなぎ,よう"
伐,"そむ,ぼち,き,ばつ,はつ,う,か"
駿,"すぐ,しゅん,すん"
漬,"つ,づ,づけ,し"
糾,"ただ,きゅう"
亮,"あきらか,りょう"
墳,ふん
坪,"つぼ,へい"
紺,こん
娯,ご
椿,"つばき,ちん,ちゅん"
舌,"した,ぜつ"
羅,"うすもの,ら"
峡,"はざま,きょう,こう"
俸,ほう
厘,りん
峰,"みね,ね,ほう"
圭,"けい,け"
醸,"かも,じょう"
蓮,"はす,はちす,れん"
弔,"とむら,とぶら,ちょう"
乙,"おと,きのと,おつ,いつ"
汁,"しる,つゆ,じゅう"
尼,"あま,に"
遍,"あまね,へん"
衡,こう
薫,"かお,くん"
猟,"かり,か,りょう,れふ"
羊,"ひつじ,よう"
款,かん
閲,"けみ,えつ"
偵,てい
喝,かつ
敢,"あ,かん"
胎,たい
酵,こう
憤,"いきどお,ふん"
豚,"ぶた,とん"
遮,"さえぎ,しゃ"
扉,"とびら,ひ"
硫,りゅう
赦,しゃ
窃,"ぬす,ひそ,せつ"
泡,"あわ,ほう"
瑞,"みず,しるし,ずい,すい"
又,"また,ゆう"
慨,がい
紡,"つむ,ぼう"
恨,"うら,こん"
肪,ぼう
扶,"たす,ふ"
戯,"ぎ,げ,ざ,じゃ,たわむ"
伍,"いつつ,ご"
忌,"い,き"
濁,"にご,だく,じょく"
奔,"はし,ほん"
斗,"と,とう"
蘭,"らん,ら"
迅,じん
肖,"あやか,しょう"
鉢,"はち,はつ"
朽,"く,きゅう"
殻,"こく,がら,ばい,かく,から"
享,"う,きょう,こう"
秦,"はた,しん"
茅,"かや,ちがや,ぼう,みょう"
藩,はん
沙,"すな,よなげる,さ,しゃ"
輔,"たす,ほ,ふ"
媒,"なこうど,ばい"
鶏,"にわとり,とり,けい"
禅,"しずか,ゆず,ぜん,せん"
嘱,"しょく,たの"
胴,どう
迭,てつ
挿,"さ,はさ,そう"
嵐,"あらし,らん"
椎,"つち,う,つい,すい"
絹,"きぬ,けん"
陪,ばい
剖,ぼう
譜,ふ
郁,いく
悠,ゆう
淑,"しと,しゅく"
帆,"ほ,はん"
暁,"あかつき,さと,ぎょう,きょう"
傑,"すぐ,けつ"
楠,"だん,ぜん,ねん,くすのき,なん,くす"
笛,"ふえ,てき"
玲,れい
奴,"やつ,やっこ,ど"
錠,じょう
拳,"こぶし,けん,げん"
翔,"かけ,と,しょう"
遷,"うつ,みやこがえ,せん"
拙,"つたな,せつ"
侍,"さむらい,はべ,じ,し"
尺,しゃく
峠,とうげ
篤,"あつ,とく"
肇,"ちょう,とう,はじ,はじめ,じょう"
渇,"かわ,かつ"
叔,しゅく
雌,"め,めす,めん,し"
亨,"とお,こう,きょう,ほう"
堪,"た,こ,こた,かん,たん,たま"
叙,"つい,ついで,じょ"
酢,"す,さく"
吟,ぎん
逓,"かわ,たがいに,てい"
嶺,"れい,りょう"
甚,"はなは,じん"
喬,"たか,きょう"
崇,"あが,すう"
漆,"うるし,しつ"
岬,"みさき,こう"
癖,"くせ,へき"
愉,"たの,ゆ"
寅,"とら,いん"
礁,しょう
乃,"の,あい,すなわ,だい,ない,なんじ"
洲,"しま,しゅう,す"
屯,とん
樺,"かば,かんば,か"
槙,"まき,こずえ,てん,しん"
姻,いん
巌,"いわ,いわお,けわ,がん"
擬,"まが,もど,ぎ"
塀,"へい,べい"
唇,"くちびる,しん"
睦,"むつ,ぼく,もく"
閑,かん
胡,"なんぞ,う,こ,ご"
幽,"しろ,ゆう,かす,ふか,くら,よう"
峻,"けわ,たか,しゅん"
曹,"ぞう,へや,そう,つかさ,ともがら"
詠,"よ,うた,えい"
卑,"いや,ひ"
侮,"あなど,あなどる,あなず,ぶ"
鋳,"い,ちゅう,しゅ,しゅう"
抹,まつ
尉,"い,じょう"
槻,"つき,き"
隷,"したが,しもべ,れい"
禍,"わざわい,か"
蝶,ちょう
酪,らく
茎,"くき,けい,きょう"
帥,すい
逝,"ゆ,い,せい"
汽,き
琢,"みが,たく"
匿,"かくま,とく"
襟,"えり,きん"
蛍,"ほたる,けい"
蕉,しょう
寡,か
琉,"りゅう,る"
痢,り
庸,よう
朋,"とも,ほう"
坑,こう
藍,"あい,らん"
賊,ぞく
搾,"しぼ,さく"
畔,"あぜ,くろ,ほとり,はん"
遼,りょう
唄,"うた,ばい"
孔,"あな,こう"
橘,"たちばな,きつ"
漱,"そう,くちすす,すす,す,うがい,くちそそ,しゅう"
呂,"せぼね,ろ,りょ"
拷,ごう
嬢,"むすめ,じょう"
苑,"その,う,えん,おん"
巽,"たつみ,そん"
杜,"と,やまなし,とう,ず,もり,ふさ"
渓,"たに,たにがわ,けい"
翁,"おきな,おう"
廉,れん
謹,"つつし,きん"
瞳,"ひとみ,どう,とう"
湧,"わ,ゆう,よう,ゆ"
欣,"よろこ,きん,ごん,こん"
窯,"かま,よう"
褒,"ほ,ほう"
醜,"みにく,しこ,しゅう"
升,"ます,しょう"
殉,じゅん
煩,"わずら,うるさ,はん,ぼん"
巴,"ともえ,うずまき,は"
禎,"さいわ,てい"
劾,がい
堕,"お,くず,だ"
租,そ
稜,"いつ,かど,りょう,ろう"
桟,"かけはし,さん,せん"
倭,"したが,わ,い"
婿,"むこ,せい"
慕,"した,ぼ"
斐,"ひ,い"
罷,"まか,や,ひ"
矯,"た,きょう"
某,"それがし,なにがし,ぼう"
囚,"とら,しゅう"
魁,"さきがけ,かしら,かい"
虹,"にじ,こう"
鴻,"ごう,おおとり,おおがり,ひしくい,こう"
泌,"ひつ,ひ"
於,"おい,お,ああ,よ,より"
赳,きゅう
漸,"やや,ぜん"
蚊,"か,ぶん"
葵,"あおい,き"
厄,やく
藻,"も,そう"
禄,"さいわ,ふち,ろく"
孟,"かしら,もう,ぼう,みょう"
嫡,"ちゃく,てき"
尭,"たか,ぎょう"
嚇,"おど,かく"
巳,"み,し"
凸,"でこ,とつ"
暢,"のび,ちょう"
韻,いん
霜,"しも,そう"
硝,しょう
勅,"いまし,みことのり,ちょく"
芹,"せり,きん"
杏,"あんず,きょう,あん,こう"
棺,かん
儒,じゅ
鳳,"ほう,ふう"
馨,"かお,かおり,けい,きょう"
慧,"さとい,けい,え"
愁,"うれ,しゅう"
楼,"たかどの,ろう"
彬,"うるわ,あき,ひん,ふん"
匡,"すく,きょう,おう"
眉,"まゆ,び,み"
欽,"つつし,きん,こん"
薪,"たきぎ,まき,しん"
褐,かつ
賜,"たまわ,たま,たも,し"
嵯,"さ,し"
綜,"おさ,す,そう"
繕,"つくろ,ぜん"
栓,せん
翠,"かわせみ,みどり,すい"
鮎,"あゆ,なまず,でん,ねん"
榛,"はしばみ,はり,しん,はん"
凹,"くぼ,へこ,ぼこ,おう"
艶,"つや,なま,あで,えん"
惣,"いそが,そうじて,そう"
蔦,"つた,ちょう"
錬,"ね,れん"
隼,"はやぶさ,しゅん,じゅん"
渚,"なぎさ,しょ"
衷,ちゅう
逐,ちく
斥,"しりぞ,せき"
稀,"まれ,まばら,き,け"
芙,ふ
詔,"みことのり,しょう"
皐,"さつき,こう"
雛,"すう,じゅ,す,ひな,ひよこ"
惟,"おも,これ,い,ゆい"
佑,"たす,ゆう,う"
耀,"かがや,ひかり,よう"
黛,"まゆずみ,たい"
渥,"あつ,うるお,あく"
憧,"あこが,しょう,とう,どう"
宵,"よい,しょう"
妄,"みだ,もう,ぼう"
惇,"あつ,しゅん,じゅん,とん"
脩,"おさ,なが,ほじし,しゅう"
甫,"はじ,ほ,ふ"
酌,"く,しゃく"
蚕,"かいこ,こ,さん,てん"
嬉,"うれ,たの,き"
蒼,"あお,そう"
暉,"かが,き"
頒,"わか,はん"
只,"ただ,し"
肢,し
檀,"まゆみ,だん,たん"
凱,"かちどき,やわらぐ,がい,かい"
彗,"ほうき,せい,え,すい,けい"
謄,とう
梓,"あずさ,し"
丑,"うし,ちゅう"
嗣,し
叶,"かな,きょう"
汐,"しお,うしお,せい,せき"
絢,けん
朔,"ついたち,さく"
伽,"ぎゃ,きゃ,とぎ,が,か"
畝,"うね,せ,ほ,も,ぼう,む"
抄,しょう
爽,"あき,さわ,たがう,そう"
黎,"くろ,れい,り"
惰,だ
蛮,"えびす,ばん"
冴,"こ,ご,こお,さ,ひ"
旺,"ごう,かがや,うつくし,おう,さかん,きょう"
萌,"も,きざ,めばえ,ほう"
偲,"しの,さい,し"
壱,"ひとつ,いち,いつ"
瑠,"る,りゅう"
允,"じょう,まこと,ゆるす,いん"
侯,こう
蒔,"う,まく,し,じ"
鯉,"こい,り"
弧,こ
遥,"はる,よう"
舜,しゅん
瑛,えい
附,"つ,ふ"
彪,"あや,ひょう,ひゅう"
卯,"う,ぼう,もう"
但,"ただ,たん"
綺,"あや,き"
芋,"いも,う"
茜,"あかね,せん"
凌,"しの,りょう"
皓,"しろ,ひか,こう"
洸,こう
毬,"いが,まり,きゅう"
婆,"ばば,ばあ,ば"
緋,"あけ,あか,ひ"
鯛,"たい,ちょう"
怜,"あわ,りょう,れん,さと,れい"
邑,"うれ,くに,むら,ゆう"
倣,"なら,ほう"
碧,"へき,ひゃく"
啄,"たく,ついば,とく,つく,つつ"
穣,"わら,ゆたか,じょう"
酉,"とり,ゆう"
悌,"てい,だい"
倹,"つま,つづまやか,けん"
柚,"ゆず,ゆ,ゆう,じく"
繭,"まゆ,きぬ,けん"
亦,"また,えき,やく"
詢,"はか,まこと,じゅん,しゅん"
采,"と,いろどり,さい"
紗,"うすぎぬ,さ,しゃ"
賦,"ふ,ぶ"
眸,"ひとみ,ぼう,む"
玖,"きゅう,く"
弐,"ふた,そえ,に,じ"
錘,"つむ,おもり,すい"
諄,"しゅん,くどくど,ひちくど,ねんご,くど"
倖,"しあわ,さいわ,こう"
痘,とう
笙,"ふえ,しょう,そう"
侃,"つよ,かん"
裟,"さ,しゃ"
洵,"の,まこと,じゅん,しゅん"
爾,"じ,おれ,しか,しかり,のみ,その,に,なんじ"
耗,"もう,こう,かう"
昴,"すばる,こう,ぼう"
銑,せん
莞,"い,かん"
伶,"わざおぎ,れい,りょう"
碩,"おお,せき"
宥,"なだ,ゆる,ゆう"
滉,"ひろ,こう"
晏,"おそ,あん"
伎,"わざ,わざおぎ,ぎ,き"
朕,ちん
迪,"みちび,いた,みち,すす,てき"
綸,"いと,りん,かん"
且,"か,しょ,そ,しょう"
竣,"どう,しゅん,わらべ,おわ,わらわ"
晨,"あした,とき,あさ,しん"
吏,り
燦,"さん,あき,きらめ,きら"
麿,まろ
頌,"じゅ,ほめ,しょう,たた,かたち,よう"
箇,"か,こ"
楓,"かえで,ふう"
琳,りん
梧,"あおぎり,ご"
哉,"かな,や,さい"
澪,"みお,れい"
匁,"もんめ,め"
晟,"あきらか,せい,じょう"
衿,"えり,きん,こん"
凪,"なぎ,な"
梢,"こずえ,くすのき,しょう"
丙,"ひのえ,へい"
颯,"さっ,さつ,そう"
茄,か
勺,しゃく
恕,"ゆる,じょ,しょ"
蕗,"ふき,ろ,る"
瑚,"こ,ご"
遵,じゅん
瞭,"あきらか,りょう"
燎,"かがりび,りょう"
虞,"あやま,あざむ,おそれ,ぐ,のぞ,おもんぱか,たの,うれ,はか"
柊,"ひいらぎ,しゅ,しゅう"
侑,"すす,たす,ゆう,う"
謁,えつ
斤,きん
嵩,"かさ,たか,すう,しゅう"
捺,"さ,お,なつ,だつ"
蓉,よう
茉,"まつ,ばつ,ま"
袈,"け,か"
燿,"かがや,ひかり,よう"
誼,"よしみ,よい,ぎ"
冶,"い,や"
栞,"しおり,かん"
墾,こん
勁,"つよ,けい"
菖,しょう
旦,"あした,だん,ただし,あきら,あき,あさ,たん"
椋,"むく,りょう"
叡,"あき,えい"
紬,"つむぎ,つむ,ちゅう"
胤,"たね,いん"
凜,"きびし,りん"
亥,"い,がい,かい"
爵,しゃく
脹,"は,ふく,ちょう"
麟,りん
莉,"り,らい,れい"
汰,"た,たい,にご,おご,よな"
瑶,"たま,よう"
瑳,"みが,さ"
耶,"か,や,じゃ"
椰,"やし,や"
絃,"いと,げん"
丞,"すく,たす,じょう,しょう"
璃,り
奎,"けい,き"
塑,"でく,そ"
昂,"あ,たか,こう,ごう"
柾,"まさ,まさめ,まさき"
熙,"よろこ,たのし,き,ひろ,かわ,あきらか,ひか"
菫,"すみれ,きん"
諒,"あきら,まことに,りょう"
鞠,"まり,きく,きゅう"
崚,りょう
濫,"みだ,らん"
捷,"はや,しょう,そう"
